{"graph":{"size":3343,"path":"media/graph/graph_summary_6ed1f026e509537d4dcd.graph.json","_type":"graph-file","sha256":"6ed1f026e509537d4dcd28ffcec57a004cc11ec3a7602826fe5761df6c839a70"},"_runtime":2353.0308817,"_wandb":{"runtime":2353},"mae":0.12938322126865387,"best_val_loss":0.05253301188349724,"_step":24,"loss":0.029132593423128128,"epoch":24,"best_epoch":20,"val_loss":0.10646606981754303,"val_mae":0.2645900845527649,"lr":0.0023570344783365726,"_timestamp":1.7403377002864857e+09}