{"lr":0.0027131461538374424,"mae":0.25946512818336487,"_wandb":{"runtime":1692},"loss":0.25946512818336487,"epoch":10,"_timestamp":1.7403515444638739e+09,"best_val_loss":0.2535674571990967,"_step":10,"best_epoch":3,"val_mae":0.2544555068016052,"val_loss":0.2544555068016052,"_runtime":1567.7641408,"graph":{"size":3781,"path":"media/graph/graph_summary_fdd7cbdda1a5eda48001.graph.json","_type":"graph-file","sha256":"fdd7cbdda1a5eda480015db28ed20a7b106f15b05a7a361295974fa619a0073d"}}