{"val_loss":0.15346874296665192,"_wandb":{"runtime":633},"best_val_loss":0.15346874296665192,"best_epoch":9,"epoch":9,"val_mae":0.3180801272392273,"_runtime":627.6189568,"loss":0.21254296600818634,"graph":{"_type":"graph-file","sha256":"d7ac706d3f7483e8be3488f889c9959b82cea060f2d74b8b06438b6fd9ee0e0b","size":5560,"path":"media/graph/graph_summary_d7ac706d3f7483e8be34.graph.json"},"_step":9,"mae":0.3782236576080322,"_timestamp":1.7408310868214397e+09}