{"mae":0.29124322533607483,"best_val_loss":0.09580320119857788,"graph":{"_type":"graph-file","sha256":"4035ab574ac6acf376c282dcc26bc5a100c2bbeaa5e4ec0fdc83ad4eb809b34d","size":3908,"path":"media/graph/graph_summary_4035ab574ac6acf376c2.graph.json"},"lr":0.003000000026077032,"_runtime":134.5707153,"_timestamp":1.7403320550821903e+09,"epoch":0,"_step":0,"best_epoch":0,"_wandb":{"runtime":220},"val_loss":0.09580320119857788,"loss":0.12932568788528442,"val_mae":0.2674369215965271}