{"best_val_loss":0.447998046875,"loss":0.3997402489185333,"val_mae":0.7007747292518616,"_step":9,"epoch":9,"best_epoch":0,"_runtime":626.2440946,"mae":0.5393770337104797,"_timestamp":1.7408289066432316e+09,"_wandb":{"runtime":626},"val_loss":0.6957929730415344,"graph":{"size":4540,"path":"media/graph/graph_summary_c1e05257c866524b2cc9.graph.json","_type":"graph-file","sha256":"c1e05257c866524b2cc998671eb843f61e156874385b40518345b788d2146e8a"}}