{"epoch":6,"_timestamp":1.7407852847831562e+09,"val_mae":0.2545693516731262,"graph":{"path":"media/graph/graph_summary_bcd3380d958c76175ef8.graph.json","_type":"graph-file","sha256":"bcd3380d958c76175ef8bc4a0ce90691ef87389abb0f2f1691be0774c16b82c3","size":4003},"_wandb":{"runtime":1541},"best_epoch":2,"loss":0.26140233874320984,"val_loss":0.2545751929283142,"mae":0.2613823115825653,"_runtime":1358.4917293,"lr":0.0028244403656572104,"best_val_loss":0.2529960870742798,"_step":6}