{"loss":0.09358105808496475,"best_val_loss":0.08659570664167404,"lr":0.002478505950421095,"_timestamp":1.7408352708947134e+09,"val_euclidean_distance":0.40341421961784363,"graph":{"_type":"graph-file","sha256":"9541231768c76a92c80d3f7c5e86b223fcd9b94be8cf216e601cebce25f4a889","size":5577,"path":"media/graph/graph_summary_9541231768c76a92c80d.graph.json"},"_step":19,"val_mae":0.26093021035194397,"mae":0.2649010121822357,"_runtime":1296.495003,"epoch":19,"_wandb":{"runtime":1296},"euclidean_distance":0.4082756042480469,"best_epoch":5,"val_loss":0.09144482761621475}