{"val_loss":0.4086953103542328,"best_epoch":0,"epoch":0,"best_val_loss":0.4086953103542328,"_timestamp":1.7408148485679927e+09,"lr":0.003000000026077032,"_wandb":{"runtime":552},"mae":0.4658266007900238,"val_mae":0.40870702266693115,"loss":0.46584179997444153,"_runtime":358.9082626,"_step":0,"graph":{"_type":"graph-file","sha256":"5101e6a85bbd613266744f4139e68981539d993ae2710a4e5213bf954c73884c","size":3982,"path":"media/graph/graph_summary_5101e6a85bbd61326674.graph.json"}}