{"_runtime":148.8775699,"epoch":0,"_wandb":{"runtime":172},"lr":0.003000000026077032,"graph":{"_type":"graph-file","sha256":"0d8209fa6df1ab13202b808aad7afcdda97779c412cce25cfa98c8fe2e761890","size":3931,"path":"media/graph/graph_summary_0d8209fa6df1ab13202b.graph.json"},"loss":0.2987632155418396,"val_loss":0.27111437916755676,"best_val_loss":0.27111437916755676,"val_mae":0.27111437916755676,"mae":0.2987632155418396,"_step":0,"_timestamp":1.740780255743903e+09,"best_epoch":0}