{"_timestamp":1.7408297937180088e+09,"val_loss":1.3703203201293945,"_runtime":627.5061036,"best_val_loss":0.5500859618186951,"best_epoch":0,"epoch":9,"loss":0.36152929067611694,"mae":0.4953394830226898,"graph":{"_type":"graph-file","sha256":"ff9aa52a98536e1055d9039a9b62a96901a63d836fe4a54c1ba0c9512c6473ac","size":5552,"path":"media/graph/graph_summary_ff9aa52a98536e1055d9.graph.json"},"_step":9,"_wandb":{"runtime":627},"val_mae":0.932370662689209}