{"loss":0.018356231972575188,"_wandb":{"runtime":3098},"graph":{"_type":"graph-file","sha256":"2f2271ed01ef88ca810c00961f349e4b14c91d1ce35d2fc86d93aa788e467fa8","size":3337,"path":"media/graph/graph_summary_2f2271ed01ef88ca810c.graph.json"},"lr":0.0012222344521433115,"_timestamp":1.7403155188940818e+09,"val_mae":0.13679184019565582,"epoch":49,"_runtime":3095.3973452,"mae":0.09982100129127502,"val_loss":0.030545398592948914,"_step":49,"best_val_loss":0.030545398592948914,"best_epoch":49}