{"_runtime":2761.5904684,"mae":0.12881872057914734,"_timestamp":1.740814235107866e+09,"loss":0.1288173794746399,"_wandb":{"runtime":2841},"best_epoch":24,"lr":0.0023101293481886387,"_step":26,"best_val_loss":0.14957518875598907,"val_mae":0.22844961285591125,"val_loss":0.22844140231609344,"graph":{"_type":"graph-file","sha256":"571e814adb8e0a301d97a7ba3d0490d5884a9110f382e628919232cf9be72b72","size":3742,"path":"media/graph/graph_summary_571e814adb8e0a301d97.graph.json"},"epoch":26}