{"val_mae":0.25831055641174316,"val_loss":0.08798765391111374,"epoch":1,"_timestamp":1.7403330862652981e+09,"_step":1,"best_val_loss":0.08693249523639679,"lr":0.0029700000304728746,"loss":0.09635498374700546,"mae":0.266562283039093,"best_epoch":0,"_wandb":{"runtime":526},"_runtime":291.6502752,"graph":{"_type":"graph-file","sha256":"d3e343ed3e6924c6783b5bcb14de8ae2bf125d40f6650d119a7d4e16706f0453","size":3845,"path":"media/graph/graph_summary_d3e343ed3e6924c6783b.graph.json"}}