{"best_epoch":10,"loss":0.14013183116912842,"val_mae":0.19547079503536224,"graph":{"_type":"graph-file","sha256":"9659d73a19bd92f173e585c543b7b69a368f16f051de9f9610b485cbaed092b7","size":3771,"path":"media/graph/graph_summary_9659d73a19bd92f173e5.graph.json"},"_wandb":{"runtime":2106},"epoch":10,"_step":10,"_timestamp":1.7407837968549428e+09,"mae":0.1401313692331314,"_runtime":2030.8296698,"lr":0.0027131461538374424,"val_loss":0.1954677700996399,"best_val_loss":0.1954677700996399}