{"loss":0.013430843129754066,"best_val_loss":0.012451650574803352,"best_epoch":145,"_runtime":10809.0674291,"graph":{"path":"media/graph/graph_summary_cd4d98e1516f9940b583.graph.json","_type":"graph-file","sha256":"cd4d98e1516f9940b583f262ef2e62386f5f7559aca57f43e18e81b9ea3cc9c9","size":3375},"epoch":149,"_step":149,"lr":0.000447377358796075,"_timestamp":1.740327205128655e+09,"val_loss":0.013521252200007439,"val_mae":0.08297670632600784,"_wandb":{"runtime":10809},"mae":0.08845191448926926}