{"mae":0.2461550384759903,"val_loss":0.3626718819141388,"_runtime":608.6626823,"epoch":9,"val_mae":0.23452334105968475,"_step":9,"best_val_loss":0.3626718819141388,"graph":{"sha256":"69593d954c29ce91acc139c46b8c3a06d8568161066cc29114f5334326c4a18a","size":1960,"path":"media/graph/graph_summary_69593d954c29ce91acc1.graph.json","_type":"graph-file"},"best_epoch":9,"loss":0.37999609112739563,"_wandb":{"runtime":610},"_timestamp":1.7409470755825462e+09}