{"graph":{"_type":"graph-file","sha256":"a7c66c77d581e9b822e412c6de463fb94cff281615305caadd4e1aca4a024e6c","size":4005,"path":"media/graph/graph_summary_a7c66c77d581e9b822e4.graph.json"},"_wandb":{"runtime":140},"mae":0.5164687633514404,"val_mae":0.4184013605117798,"epoch":0,"best_epoch":0,"best_val_loss":0.4183964729309082,"lr":0.003000000026077032,"loss":0.5164843797683716,"val_loss":0.4183964729309082,"_step":0,"_timestamp":1.7407855776206431e+09,"_runtime":107.5433891}