{"_timestamp":1.740311501398636e+09,"epoch":0,"loss":0.09844957292079926,"lr":0.0020000000949949026,"graph":{"_type":"graph-file","sha256":"6c29e52d3f727e6c9e3a662d8e680d49280d0c0dda0318511dd23619793da685","size":3441,"path":"media/graph/graph_summary_6c29e52d3f727e6c9e3a.graph.json"},"_runtime":112.644056,"_step":0,"best_epoch":0,"mae":0.2597416639328003,"val_loss":0.6619184613227844,"_wandb":{"runtime":305},"val_mae":0.656912624835968,"best_val_loss":0.6619184613227844}