{"_timestamp":1.740826720561683e+09,"graph":{"path":"media/graph/graph_summary_36ce1d3f60277e963ac2.graph.json","_type":"graph-file","sha256":"36ce1d3f60277e963ac2ca914d5cf47635eaf3ec9f3bf0a13c4efa9ec471b57d","size":2135},"val_loss":0.08666406571865082,"val_mae":0.2558196187019348,"mae":0.2667140066623688,"best_epoch":0,"epoch":0,"best_val_loss":0.08666406571865082,"_wandb":{"runtime":37},"_runtime":30.0484209,"loss":0.10502929985523224,"_step":0}