{"best_val_loss":0.0665898472070694,"epoch":25,"_runtime":734.6176217,"_wandb":{"runtime":764},"_timestamp":1.7408266580189369e+09,"mae":0.12114213407039642,"val_loss":0.346435546875,"_step":25,"val_mae":0.5176926851272583,"best_epoch":5,"graph":{"_type":"graph-file","sha256":"202616cfd7a64ca83de291c82e2a0faece6a0fbcadb23e412c3128d7d0b385ba","size":2135,"path":"media/graph/graph_summary_202616cfd7a64ca83de2.graph.json"},"loss":0.026317749172449112}