{"best_epoch":176,"loss":0.3893339931964874,"mae":0.2534477114677429,"val_loss":0.3821718692779541,"mse":0.08627555519342422,"best_val_loss":0.38212695717811584,"_runtime":18564.172494,"_step":299,"graph":{"_type":"graph-file","sha256":"3917abe845ffc80eddbd3a459c3f83b755ac559955f1d48c9203203b59d4af25","size":5387,"path":"media/graph/graph_summary_3917abe845ffc80eddbd.graph.json"},"val_mae":0.2483774721622467,"epoch":299,"_timestamp":1.740856033684169e+09,"_wandb":{"runtime":18565},"val_mse":0.08309317380189896}