{"graph":{"_type":"graph-file","sha256":"2b6c97fa4b6497bfa869fe68c169ca5f87be1231daf2059ace1f959111733632","size":5621,"path":"media/graph/graph_summary_2b6c97fa4b6497bfa869.graph.json"},"mae":0.25527605414390564,"_wandb":{"runtime":1175},"loss":0.3928554654121399,"_timestamp":1.7408372531071775e+09,"best_val_loss":0.38859376311302185,"mse":0.08761277794837952,"_step":16,"val_mse":0.08465975522994995,"_runtime":1114.7628379,"best_epoch":16,"val_mae":0.2519492506980896,"epoch":16,"lr":0.002554373349994421,"val_loss":0.38859376311302185}