{"loss":0.4774706959724426,"graph":{"_type":"graph-file","sha256":"d2942550fc05ddb25b98e4cbe00cfb048c5b447d14ee255908a5061192ae1b13","size":4010,"path":"media/graph/graph_summary_d2942550fc05ddb25b98.graph.json"},"_runtime":8019.9506989,"lr":0.0021969100926071405,"_timestamp":1.7408232004845684e+09,"val_mae":0.4058142304420471,"best_epoch":2,"_wandb":{"runtime":8305},"epoch":31,"best_val_loss":0.3910820186138153,"mae":0.47746843099594116,"_step":31,"val_loss":0.4058261811733246}