{"val_loss":0.25847071409225464,"_step":5,"best_epoch":0,"epoch":5,"graph":{"_type":"graph-file","sha256":"4d322597813cbda936d78fdfe70820f541f9c18d63b9d1e3998787e9b96c347b","size":2135,"path":"media/graph/graph_summary_4d322597813cbda936d7.graph.json"},"_wandb":{"runtime":205},"_timestamp":1.7408258961984334e+09,"_runtime":188.1432377,"val_mae":0.258514404296875,"best_val_loss":0.2497597634792328,"mae":0.1968500167131424,"loss":0.19685742259025574}