{"val_loss":0.08787500113248825,"graph":{"_type":"graph-file","sha256":"bbb7a5ae70f3f7af2778cc2e13638bc9cf2aa0f705c030ca3ba4d5df5b97a582","size":5572,"path":"media/graph/graph_summary_bbb7a5ae70f3f7af2778.graph.json"},"_timestamp":1.7408325380554528e+09,"best_val_loss":0.08787500113248825,"loss":0.09128662198781967,"val_mae":0.25529810786247253,"_runtime":1312.8393819,"epoch":19,"_step":19,"best_epoch":19,"_wandb":{"runtime":1318},"mae":0.26096653938293457}