{"val_loss":0.5342246294021606,"_runtime":275.5646989,"epoch":0,"graph":{"_type":"graph-file","sha256":"b491c1ee43e9c249d24784e5ae2260c79d46a24a1e48c23948bda6c6e67f720c","size":4018,"path":"media/graph/graph_summary_b491c1ee43e9c249d247.graph.json"},"_timestamp":1.740823764338815e+09,"val_mae":0.5342376232147217,"loss":0.48124024271965027,"mae":0.48125147819519043,"_step":0,"best_val_loss":0.5342246294021606,"best_epoch":0,"lr":0.003000000026077032,"_wandb":{"runtime":488}}