{"_runtime":222.7276438,"best_epoch":6,"_timestamp":1.7408256184139647e+09,"mae":0.18620561063289642,"graph":{"sha256":"9a42d5b882b614c9c1253abb865d13b4f7166f5d4fa29fb62e4bff5f0b560853","size":2135,"path":"media/graph/graph_summary_9a42d5b882b614c9c125.graph.json","_type":"graph-file"},"val_loss":0.2794550657272339,"loss":0.18619824945926666,"_step":7,"val_mae":0.27942973375320435,"best_val_loss":0.24135546386241913,"_wandb":{"runtime":309},"epoch":7}