{"epoch":0,"mae":0.4664824306964874,"val_mae":0.45379143953323364,"loss":0.46648046374320984,"_step":0,"graph":{"_type":"graph-file","sha256":"69477f791703434f80df0ae332e3a1f44e54ad1e6bb041b037c456383b784f94","size":3870,"path":"media/graph/graph_summary_69477f791703434f80df.graph.json"},"val_loss":0.45384180545806885,"best_epoch":0,"_runtime":288.1973905,"best_val_loss":0.45384180545806885,"_wandb":{"runtime":386},"_timestamp":1.7408248621988087e+09}