{"val_mae":0.4091603755950928,"loss":0.04206567257642746,"epoch":9,"_timestamp":1.7408279903693428e+09,"mae":0.16051869094371796,"_wandb":{"runtime":495},"best_epoch":0,"val_loss":0.21599121391773224,"_step":9,"_runtime":495.0022928,"best_val_loss":0.08995654433965683,"graph":{"_type":"graph-file","sha256":"d50ca9d695b8eed7075b4aa37979e94f648ebf24f1831207e160abf265dfe461","size":1968,"path":"media/graph/graph_summary_d50ca9d695b8eed7075b.graph.json"}}