{"lr":0.0027131461538374424,"graph":{"_type":"graph-file","sha256":"20df7548e44e15e7049be16f4682f82bae4ff9e443ec4e30ada27167b6bc0975","size":3567,"path":"media/graph/graph_summary_20df7548e44e15e7049b.graph.json"},"best_epoch":7,"epoch":10,"_timestamp":1.7403350912793653e+09,"val_mae":0.2558850944042206,"best_val_loss":0.0850687325000763,"val_loss":0.08591856807470322,"_runtime":1596.1200624,"_step":10,"mae":0.258981853723526,"_wandb":{"runtime":1737},"loss":0.08847285062074661}