{"loss":0.09041943401098251,"val_loss":0.09435253590345383,"best_epoch":0,"_runtime":140.4448904,"_wandb":{"runtime":162},"euclidean_distance":0.40014222264289856,"lr":0.0029700000304728746,"_timestamp":1.7408359218259964e+09,"graph":{"_type":"graph-file","sha256":"ba7a3ff2050ee700a17400bd5835aedca4243c07e4a87e541e1169cd7800dca4","size":5585,"path":"media/graph/graph_summary_ba7a3ff2050ee700a174.graph.json"},"_step":1,"val_mae":0.26585453748703003,"val_euclidean_distance":0.4096384346485138,"epoch":1,"mae":0.26095956563949585,"best_val_loss":0.0908828154206276}