{"graph":{"_type":"graph-file","sha256":"a6134ea9bc03c991dc5fb1697ea7271621181cc3a733a5a35c0b9229b5bcc0c5","size":3407,"path":"media/graph/graph_summary_a6134ea9bc03c991dc5f.graph.json"},"mae":0.196441650390625,"_step":6,"best_val_loss":0.10092180967330933,"val_mae":0.34520265460014343,"_runtime":129.629217,"_wandb":{"runtime":140},"_timestamp":1.7403113668191721e+09,"loss":0.0595894455909729,"lr":0.0018829603213816881,"val_loss":0.18429253995418549,"epoch":6,"best_epoch":1}